,missing,mean,std,min,max
Murder,0,7.787999999999999,4.355509764209288,0.8,17.4
Assault,0,170.76,83.33766084001708,45.0,337.0
UrbanPop,0,65.54,14.474763400836784,32.0,91.0
Rape,0,21.231999999999992,9.366384531059648,7.3,46.0
